case_id,repeat,arm,checkpoint_id,entropy_normalized,top_hypothesis,top_probability,JS_from_previous,q,W,brier,wrong_dominant,committed_wrong
ai_village_original_score_provenance_v2,0,evidence_ledger,c1,0.6783898247235197,native_judgment,0.7,,,,,,
ai_village_original_score_provenance_v2,0,evidence_ledger,c2,0.423792339912287,native_judgment,0.85,0.0163771458068565,,,,,
ai_village_original_score_provenance_v2,0,evidence_ledger,c3,0.5109640474436812,native_judgment,0.8,0.004626321791797993,,,,,
ai_village_original_score_provenance_v2,0,evidence_ledger,c4,0.5109640474436812,synthetic_script,0.8,0.3586966334524935,,,,,
ai_village_original_score_provenance_v2,0,evidence_ledger,c5,0.30877156165600733,synthetic_script,0.9,0.01030298683648048,,,,,
ai_village_original_score_provenance_v2,0,evidence_ledger,c6,0.30877156165600733,synthetic_script,0.9,0.0,,,,,
ai_village_original_score_provenance_v2,0,fresh_prefix,c1,0.6783898247235197,native_judgment,0.7,,,,,,
ai_village_original_score_provenance_v2,0,fresh_prefix,c2,0.6783898247235197,native_judgment,0.7,0.0,,,,,
ai_village_original_score_provenance_v2,0,fresh_prefix,c3,0.659517637169433,native_judgment,0.7,0.006764415113721039,,,,,
ai_village_original_score_provenance_v2,0,fresh_prefix,c4,0.423792339912287,synthetic_script,0.85,0.30754795495885334,,,,,
ai_village_original_score_provenance_v2,0,fresh_prefix,c5,0.423792339912287,synthetic_script,0.85,0.0,,,,,
ai_village_original_score_provenance_v2,0,fresh_prefix,c6,0.3980661047736537,native_judgment,0.85,0.38935811075158966,,,,,
ai_village_original_score_provenance_v2,0,persistent_history,c1,0.659517637169433,native_judgment,0.7,,,,,,
ai_village_original_score_provenance_v2,0,persistent_history,c2,0.5770078865364,native_judgment,0.75,0.004678595864320902,,,,,
ai_village_original_score_provenance_v2,0,persistent_history,c3,0.5109640474436812,native_judgment,0.8,0.0029202349610466076,,,,,
ai_village_original_score_provenance_v2,0,persistent_history,c4,0.5109640474436812,synthetic_script,0.8,0.3586966334524935,,,,,
ai_village_original_score_provenance_v2,0,persistent_history,c5,0.39879233991228696,synthetic_script,0.85,0.004626321791797993,,,,,
ai_village_original_score_provenance_v2,0,persistent_history,c6,0.30877156165600733,synthetic_script,0.9,0.004857636880215483,,,,,
